Name, Color, Rarity, # Seen, ALSA, # Picked, ATA, # GP, GP WR, # OH, OH WR, # GD, GD WR, # GIH, GIH WR, # GND, GND WR, IWD
Adamant Will, W, C, 295359, 6.43, 35637, 9.55, 85208, 54.0, 15141, 52.6, 26755, 54.2, 41896, 53.6, 45677, 54.2, -0.6
Angelic Quartermaster, W, U, 45161, 2.57, 16266, 2.98, 74661, 56.2, 13348, 57.4, 25256, 59.0, 38604, 58.4, 39099, 54.2, 4.2
Arm the Cathars, W, U, 86848, 5.01, 11260, 7.23, 31485, 51.8, 5022, 48.8, 8922, 50.1, 13944, 49.7, 17938, 53.3, -3.7
Bride's Gown, W, U, 108971, 6.95, 11988, 10.44, 7225, 50.1, 1300, 46.2, 2087, 47.9, 3387, 47.2, 3914, 52.5, -5.2
By Invitation Only, W, R, 10535, 1.93, 5882, 1.88, 27086, 55.9, 4555, 55.9, 8348, 59.2, 12903, 58.1, 14512, 53.9, 4.1
Cemetery Protector, W, M, 3865, 1.43, 2602, 1.39, 12592, 55.3, 2086, 57.6, 3887, 57.5, 5973, 57.5, 6893, 53.6, 4.0
Circle of Confinement, W, U, 52192, 2.92, 16899, 3.49, 76547, 56.0, 15021, 57.0, 24061, 58.1, 39082, 57.7, 39907, 54.4, 3.3
Dawnhart Geist, W, U, 101787, 6.28, 12202, 9.30, 20710, 53.3, 4038, 51.5, 6493, 51.7, 10531, 51.6, 10896, 54.7, -3.0
Distracting Geist, W, U, 65403, 3.76, 13013, 4.85, 50338, 53.2, 9537, 51.1, 15082, 52.1, 24619, 51.7, 27252, 54.2, -2.6
Drogskol Infantry, W, C, 223853, 4.29, 49263, 5.69, 172096, 55.5, 44938, 56.3, 68061, 54.6, 112999, 55.3, 78330, 55.4, -0.1
Estwald Shieldbasher, W, C, 274982, 5.84, 30828, 8.79, 71455, 52.4, 13863, 50.7, 23703, 50.8, 37566, 50.8, 37647, 53.7, -3.0
Faithbound Judge, W, M, 3754, 1.35, 2749, 1.32, 14121, 57.8, 2557, 63.9, 4444, 59.4, 7001, 61.1, 7574, 54.5, 6.6
Fierce Retribution, W, C, 183313, 3.60, 41764, 4.62, 156049, 55.8, 35653, 54.5, 60543, 58.4, 96196, 57.0, 74348, 54.6, 2.4
Fleeting Spirit, W, U, 70392, 3.90, 15737, 5.00, 67258, 55.9, 13759, 58.0, 21346, 56.1, 35105, 56.9, 34990, 55.1, 1.7
Gryff Rider, W, C, 236485, 4.68, 34317, 6.62, 108387, 53.6, 25344, 52.4, 39508, 53.2, 64852, 52.9, 52697, 54.0, -1.2
Gryffwing Cavalry, W, U, 59957, 3.42, 11765, 4.34, 47473, 52.7, 8477, 49.8, 14612, 53.3, 23089, 52.0, 26034, 53.2, -1.2
Hallowed Haunting, W, M, 8053, 2.94, 2094, 3.25, 5482, 55.1, 906, 58.4, 1530, 57.6, 2436, 57.9, 3063, 52.9, 5.0
Heron of Hope, W, C, 244364, 4.83, 45416, 6.51, 147960, 55.7, 33921, 55.0, 64537, 57.1, 98458, 56.3, 68986, 55.1, 1.3
Heron-Blessed Geist, W, C, 274938, 5.67, 37622, 8.20, 99744, 54.6, 18523, 53.4, 36286, 54.8, 54809, 54.3, 50970, 54.7, -0.4
Hopeful Initiate, W, R, 15098, 2.62, 4281, 2.91, 18700, 55.7, 3445, 59.7, 5003, 54.5, 8448, 56.6, 10521, 55.2, 1.4
Katilda Dawnhart Martyr, W, R, 8948, 1.65, 5765, 1.59, 29698, 59.1, 5310, 66.5, 9123, 65.5, 14433, 65.9, 15990, 53.1, 12.8
Kindly Ancestor, W, C, 224189, 4.33, 46115, 5.80, 161427, 55.9, 39414, 57.5, 64292, 56.8, 103706, 57.0, 75980, 54.6, 2.4
Lantern Flare, WR, R, 12939, 2.33, 5842, 2.37, 27236, 55.9, 4581, 54.8, 7888, 58.8, 12469, 57.3, 15063, 54.8, 2.5
Militia Rallier, W, C, 297539, 6.50, 36573, 9.48, 70469, 53.1, 15005, 51.6, 23549, 51.6, 38554, 51.6, 36305, 54.2, -2.6
Nebelgast Beguiler, W, C, 317104, 7.74, 35321, 11.35, 30348, 53.4, 5051, 52.7, 10431, 52.8, 15482, 52.8, 16123, 53.8, -1.0
Nurturing Presence, W, C, 301287, 6.94, 42847, 9.68, 72042, 56.2, 17095, 55.8, 29438, 56.9, 46533, 56.5, 32988, 55.9, 0.6
Ollenbock Escort, W, U, 98085, 5.85, 10368, 8.97, 14891, 50.3, 2834, 49.0, 4133, 49.6, 6967, 49.3, 8265, 51.0, -1.6
Panicked Bystander, WB, U, 65080, 3.72, 15632, 4.68, 62710, 55.3, 13057, 56.7, 21925, 56.8, 34982, 56.8, 31961, 54.3, 2.5
Parish-Blade Trainee, W, C, 261563, 5.37, 34979, 7.73, 99469, 53.6, 24267, 54.9, 36015, 51.9, 60282, 53.1, 47920, 54.0, -0.9
Piercing Light, W, C, 286072, 6.13, 32835, 9.20, 68186, 53.3, 13428, 52.3, 21247, 53.0, 34675, 52.7, 35806, 53.5, -0.8
Radiant Grace, W, U, 92355, 5.89, 8496, 9.47, 10378, 50.4, 1698, 47.7, 2891, 47.9, 4589, 47.8, 5873, 52.2, -4.4
Resistance Squad, W, U, 68310, 3.81, 14461, 4.92, 54704, 54.8, 11157, 56.1, 17680, 57.1, 28837, 56.7, 28845, 53.6, 3.0
Sanctify, W, C, 323483, 8.56, 29353, 12.80, 2336, 45.9, 352, 44.6, 663, 46.0, 1015, 45.5, 1334, 45.8, -0.3
Savior of Ollenbock, W, M, 4188, 1.52, 2533, 1.50, 12023, 54.3, 2098, 57.8, 3473, 56.4, 5571, 57.0, 6714, 52.2, 4.7
Sigarda's Imprisonment, W, C, 181673, 3.58, 44792, 4.45, 162528, 55.8, 38193, 54.4, 63605, 58.8, 101798, 57.1, 76230, 54.4, 2.7
Sigarda's Summons, W, R, 18428, 3.34, 3446, 3.97, 6361, 50.1, 934, 49.1, 1701, 50.9, 2635, 50.2, 3759, 50.1, 0.1
Supernatural Rescue, W, C, 318535, 8.00, 32846, 11.76, 17008, 51.8, 2816, 47.9, 5071, 51.2, 7887, 50.0, 9471, 53.2, -3.2
Thalia Guardian of Thraben, W, R, 12301, 2.19, 3931, 2.37, 15789, 53.0, 2816, 55.7, 4415, 50.5, 7231, 52.5, 8795, 53.4, -0.9
Traveling Minister, W, C, 230717, 4.68, 61563, 5.67, 187469, 56.1, 52739, 61.0, 83249, 56.4, 135988, 58.2, 80226, 53.5, 4.7
Twinblade Geist, W, U, 49788, 2.90, 15533, 3.45, 71894, 55.7, 14623, 58.6, 21846, 56.1, 36469, 57.1, 37843, 54.4, 2.7
Unholy Officiant, W, C, 306547, 7.35, 27716, 11.38, 18934, 50.6, 3817, 51.5, 5883, 49.2, 9700, 50.1, 10058, 50.8, -0.7
Valorous Stance, W, U, 52741, 2.94, 16797, 3.50, 77432, 56.4, 14195, 56.4, 24477, 60.1, 38672, 58.7, 41105, 54.6, 4.2
Vampire Slayer, W, C, 309371, 7.11, 37490, 10.36, 58965, 53.4, 12905, 53.6, 19867, 50.7, 32772, 51.8, 29766, 54.7, -2.9
Voice of the Blessed, W, R, 11068, 2.01, 4863, 2.04, 22301, 55.5, 3972, 56.0, 7106, 57.8, 11078, 57.2, 12022, 54.3, 2.8
Wedding Announcement, W, R, 7893, 1.45, 6161, 1.42, 33728, 59.1, 6170, 71.5, 9912, 63.7, 16082, 66.7, 18030, 52.6, 14.2
Welcoming Vampire, W, R, 7787, 1.42, 5657, 1.39, 30332, 57.8, 5525, 66.3, 9504, 61.2, 15029, 63.1, 16409, 53.4, 9.7
Alchemist's Retrieval, U, C, 304829, 7.03, 43809, 9.96, 89010, 54.8, 16883, 53.2, 33731, 55.9, 50614, 55.0, 43527, 54.4, 0.6
Binding Geist, U, C, 283888, 6.16, 45791, 8.54, 109647, 54.1, 24857, 53.2, 41587, 53.4, 66444, 53.3, 52109, 54.7, -1.3
Biolume Egg, U, U, 65715, 3.88, 20503, 4.46, 71054, 56.6, 15505, 61.1, 29766, 59.8, 45271, 60.2, 32240, 52.4, 7.8
Cemetery Illuminator, U, M, 4316, 1.57, 2892, 1.51, 14086, 56.1, 2412, 56.2, 4799, 60.1, 7211, 58.8, 7230, 53.3, 5.5
Chill of the Grave, U, C, 286783, 6.28, 55198, 8.42, 143740, 55.1, 33751, 52.9, 70877, 57.5, 104628, 56.0, 61817, 54.3, 1.7
Cobbled Lancer, U, U, 85742, 4.92, 16085, 6.59, 50625, 54.0, 8954, 53.1, 18163, 55.0, 27117, 54.4, 25500, 53.4, 1.0
Consuming Tide, U, R, 26039, 4.50, 3403, 6.55, 2972, 47.0, 486, 40.9, 1007, 45.9, 1493, 44.3, 1552, 48.5, -4.2
Cradle of Safety, U, C, 306564, 7.13, 44898, 10.02, 92028, 55.0, 17071, 53.5, 32267, 56.0, 49338, 55.1, 46101, 54.8, 0.3
Cruel Witness, U, C, 256828, 5.28, 48575, 7.12, 148461, 55.2, 32572, 55.0, 65549, 55.7, 98121, 55.5, 66930, 54.5, 1.0
Diver Skaab, U, U, 68085, 3.82, 22569, 4.47, 91780, 56.6, 17126, 57.8, 37498, 59.6, 54624, 59.0, 43345, 54.0, 5.0
Dreadlight Monstrosity, U, C, 311875, 7.61, 34959, 11.18, 32379, 50.0, 5110, 48.3, 11946, 51.7, 17056, 50.7, 16665, 49.5, 1.2
Dreamshackle Geist, U, R, 9784, 1.79, 6222, 1.75, 32184, 58.2, 5841, 64.4, 11135, 62.7, 16976, 63.3, 16311, 53.3, 10.0
Fear of Death, U, C, 315586, 7.94, 40008, 11.28, 36441, 52.4, 7711, 50.0, 14141, 52.9, 21852, 51.9, 17191, 52.9, -1.1
Geistlight Snare, U, U, 102106, 6.23, 15319, 8.75, 32729, 56.1, 6086, 56.7, 11121, 57.3, 17207, 57.1, 16775, 55.3, 1.8
Geralf Visionary Stitcher, U, R, 10035, 1.84, 6233, 1.79, 31574, 55.7, 5627, 58.6, 11356, 60.2, 16983, 59.6, 15659, 51.7, 8.0
Gutter Skulker, U, U, 69567, 4.12, 14566, 5.27, 53275, 53.2, 9713, 52.2, 17913, 53.8, 27626, 53.3, 27637, 53.0, 0.3
Hullbreaker Horror, U, R, 7762, 1.45, 6017, 1.42, 32137, 57.3, 5293, 60.5, 12114, 63.4, 17407, 62.5, 15718, 51.7, 10.8
Inspired Idea, U, R, 19661, 3.31, 5472, 3.89, 21275, 54.3, 3624, 51.9, 6802, 57.3, 10426, 55.4, 11197, 53.4, 2.0
Jacob Hauken Inspector, U, M, 5047, 1.79, 3163, 1.78, 14824, 56.4, 2583, 62.4, 4753, 57.6, 7336, 59.3, 7815, 54.0, 5.3
Lantern Bearer, U, C, 222677, 4.42, 61080, 5.46, 194564, 56.0, 54378, 59.2, 88608, 56.4, 142986, 57.5, 80166, 53.8, 3.6
Lunar Rejection, U, U, 78823, 4.35, 23587, 5.22, 95808, 57.2, 19145, 56.9, 39294, 60.7, 58439, 59.4, 45184, 55.1, 4.4
Mirrorhall Mimic, U, R, 9509, 1.75, 6478, 1.71, 32635, 56.1, 5682, 56.8, 10704, 59.0, 16386, 58.2, 16912, 53.9, 4.4
Mischievous Catgeist, U, U, 69822, 4.05, 13649, 5.41, 54600, 54.6, 10937, 55.8, 17328, 52.9, 28265, 54.1, 28120, 55.2, -1.1
Necroduality, U, M, 6202, 2.40, 2510, 2.30, 8518, 54.8, 1490, 63.2, 3084, 58.4, 4574, 60.0, 4008, 48.8, 11.2
Overcharged Amalgam, U, R, 9748, 1.79, 5968, 1.77, 29950, 56.5, 5031, 57.7, 10517, 60.7, 15548, 59.7, 15097, 53.3, 6.5
Patchwork Crawler, U, R, 20002, 3.47, 3504, 4.48, 8381, 48.9, 1518, 46.9, 2587, 47.0, 4105, 47.0, 4410, 50.5, -3.5
Repository Skaab, U, C, 281134, 6.11, 47636, 8.36, 116549, 54.1, 23627, 50.9, 51348, 55.8, 74975, 54.3, 52570, 54.2, 0.1
Scattered Thoughts, U, C, 294630, 6.58, 53184, 8.86, 145671, 55.8, 28183, 55.2, 53626, 58.1, 81809, 57.1, 72410, 54.8, 2.2
Screaming Swarm, U, U, 73618, 4.23, 15305, 5.52, 54112, 52.5, 8814, 49.1, 24475, 53.1, 33289, 52.1, 27282, 52.7, -0.6
Selhoff Entomber, U, C, 316826, 7.90, 45231, 10.93, 60328, 53.3, 13172, 53.9, 21883, 52.0, 35055, 52.7, 29287, 53.8, -1.1
Serpentine Ambush, U, C, 322143, 8.47, 36073, 12.22, 16673, 52.7, 3138, 52.5, 6034, 53.3, 9172, 53.0, 8376, 52.3, 0.7
Skywarp Skaab, U, C, 301657, 6.87, 39434, 9.86, 67185, 52.6, 11995, 50.2, 26533, 53.3, 38528, 52.3, 32754, 52.7, -0.4
Soulcipher Board, U, U, 96660, 6.13, 12859, 8.96, 19839, 51.3, 3683, 48.6, 6422, 51.7, 10105, 50.6, 10290, 52.0, -1.4
Steelclad Spirit, U, C, 310920, 7.51, 45698, 10.35, 75848, 54.4, 17570, 53.8, 28726, 53.4, 46296, 53.5, 35952, 54.8, -1.3
Stitched Assistant, U, C, 272064, 5.78, 48766, 7.82, 131879, 54.5, 32588, 52.9, 61042, 55.3, 93630, 54.4, 56523, 54.3, 0.1
Stormchaser Drake, U, U, 60065, 3.38, 19609, 3.93, 81978, 56.4, 18154, 60.0, 30318, 57.5, 48472, 58.4, 39463, 54.3, 4.1
Syncopate, U, C, 291733, 6.50, 48674, 8.95, 129955, 55.0, 27659, 56.4, 51075, 56.1, 78734, 56.2, 60969, 53.9, 2.3
Syphon Essence, U, C, 305572, 7.11, 48221, 9.80, 98307, 55.1, 19884, 55.0, 38824, 56.3, 58708, 55.9, 46677, 54.5, 1.3
Thirst for Discovery, U, U, 72433, 4.04, 19297, 5.00, 82171, 56.1, 15904, 56.5, 29547, 58.3, 45451, 57.7, 41121, 54.9, 2.8
Wanderlight Spirit, U, C, 302067, 7.05, 35647, 10.32, 48577, 51.8, 10424, 50.1, 17687, 51.2, 28111, 50.8, 23819, 52.8, -2.0
Wash Away, U, U, 103646, 6.40, 12670, 9.53, 18165, 51.5, 3093, 49.3, 6426, 53.1, 9519, 51.8, 9219, 51.5, 0.3
Whispering Wizard, U, U, 63209, 3.61, 17408, 4.38, 67120, 55.0, 13052, 55.3, 25464, 55.9, 38516, 55.7, 32809, 54.3, 1.4
Winged Portent, UG, R, 28771, 4.83, 4019, 7.09, 3411, 52.1, 518, 46.1, 957, 48.7, 1475, 47.8, 1964, 55.3, -7.5
Witness the Future, U, U, 107231, 6.69, 14852, 9.58, 18763, 52.4, 3365, 48.2, 7450, 56.3, 10815, 53.8, 9299, 52.6, 1.2
Wretched Throng, U, C, 284969, 6.34, 49864, 8.60, 58371, 54.4, 24559, 54.8, 70376, 54.8, 94935, 54.8, 14403, 53.4, 1.4
Aim for the Head, B, C, 314890, 7.62, 33784, 11.34, 17199, 52.0, 3010, 50.6, 5596, 51.2, 8606, 51.0, 8909, 52.7, -1.7
Archghoul of Thraben, B, U, 77695, 4.37, 14268, 5.78, 46194, 53.8, 9795, 53.2, 18230, 54.4, 28025, 54.0, 21757, 54.0, 0.1
Bleed Dry, B, C, 120167, 2.50, 54230, 2.82, 207830, 55.6, 48390, 55.5, 95859, 59.0, 144249, 57.8, 90898, 53.4, 4.5
Blood Fountain, B, C, 274995, 5.67, 46211, 7.87, 162614, 54.7, 30189, 51.9, 53226, 54.9, 83415, 53.8, 82804, 55.5, -1.7
Bloodcrazed Socialite, B, C, 228372, 4.51, 44620, 6.04, 147168, 55.6, 33233, 56.6, 68344, 56.4, 101577, 56.5, 65346, 54.5, 2.0
Bloodsworn Squire, B, U, 77773, 4.61, 9199, 6.78, 23446, 51.4, 3951, 47.4, 8255, 50.0, 12206, 49.2, 12159, 52.9, -3.8
Bloodvial Purveyor, B, R, 7341, 1.30, 5740, 1.27, 30393, 57.6, 5257, 64.4, 11552, 61.7, 16809, 62.5, 15426, 52.7, 9.8
Catapult Fodder, B, U, 69896, 4.06, 14334, 5.24, 43983, 53.3, 9382, 53.7, 17972, 55.7, 27354, 55.0, 20580, 51.7, 3.3
Cemetery Desecrator, B, M, 3648, 1.31, 3025, 1.29, 16316, 57.8, 2632, 62.2, 5917, 65.6, 8549, 64.5, 8338, 52.2, 12.4
Concealing Curtains, B, R, 9425, 1.70, 5988, 1.68, 29689, 56.9, 5411, 64.8, 10267, 58.4, 15678, 60.6, 15225, 53.7, 6.9
Courier Bat, B, C, 258416, 5.15, 42451, 7.20, 121099, 54.7, 27423, 52.9, 56370, 56.0, 83793, 55.0, 54047, 54.9, 0.1
Demonic Bargain, B, R, 35008, 5.76, 4734, 8.68, 88, , 15, , 23, , 38, , 50, , 
Desperate Farmer, B, C, 224710, 4.28, 42589, 5.88, 155981, 54.5, 35139, 54.2, 69378, 55.5, 104517, 55.0, 71715, 54.1, 1.0
Diregraf Scavenger, B, C, 221334, 4.29, 53741, 5.53, 194120, 55.6, 44481, 53.8, 95451, 58.5, 139932, 57.0, 84650, 54.3, 2.7
Doomed Dissenter, B, C, 262104, 5.24, 42829, 7.28, 128705, 54.4, 31164, 55.7, 56063, 54.3, 87227, 54.8, 57054, 53.7, 1.1
Dread Fugue, B, U, 107250, 6.74, 10191, 10.64, 4161, 49.2, 763, 49.4, 1285, 47.9, 2048, 48.5, 2181, 50.0, -1.5
Dreadfeast Demon, B, R, 7116, 1.27, 6122, 1.25, 34227, 58.2, 5771, 64.2, 12134, 67.3, 17905, 66.3, 16987, 49.9, 16.5
Dying to Serve, B, R, 19823, 3.50, 4039, 4.18, 9714, 50.7, 1702, 45.8, 3052, 47.8, 4754, 47.1, 5048, 54.1, -7.0
Edgar's Awakening, B, U, 84058, 4.76, 13268, 6.70, 39825, 53.9, 6449, 50.3, 13445, 53.2, 19894, 52.3, 20657, 55.4, -3.2
Falkenrath Forebear, B, R, 8669, 1.56, 5591, 1.53, 27963, 55.7, 5205, 59.6, 8998, 57.1, 14203, 58.0, 14431, 53.6, 4.4
Fell Stinger, B, U, 43744, 2.49, 17654, 2.86, 83172, 55.9, 16248, 58.0, 32341, 58.7, 48589, 58.5, 40782, 53.8, 4.7
Gift of Fangs, B, C, 234630, 4.61, 39683, 6.33, 138437, 54.7, 29275, 53.3, 51038, 55.0, 80313, 54.4, 65875, 54.7, -0.4
Gluttonous Guest, B, C, 236719, 4.62, 49603, 6.18, 167195, 55.2, 40837, 54.7, 73879, 55.3, 114716, 55.1, 74859, 55.0, 0.1
Graf Reaver, B, R, 21833, 3.68, 3477, 4.99, 9655, 53.0, 1720, 56.2, 3054, 51.1, 4774, 52.9, 5087, 53.3, -0.3
Grisly Ritual, B, C, 252125, 5.06, 41345, 7.12, 141388, 54.7, 24761, 52.5, 52706, 56.2, 77467, 55.0, 70506, 54.4, 0.6
Groom's Finery, B, U, 110273, 7.02, 12225, 10.59, 5492, 50.2, 951, 48.9, 1658, 50.1, 2609, 49.7, 2947, 50.6, -0.9
Headless Rider, B, R, 10518, 1.91, 5399, 1.87, 25750, 55.1, 4730, 57.8, 9015, 57.1, 13745, 57.3, 13031, 53.4, 3.9
Henrika Domnathi, B, M, 3293, 1.20, 2805, 1.19, 15307, 58.8, 2680, 66.6, 5781, 66.0, 8461, 66.2, 7751, 51.8, 14.3
Hero's Downfall, B, U, 33300, 1.97, 16337, 2.18, 78916, 55.7, 14590, 55.2, 29192, 58.8, 43782, 57.6, 39245, 54.0, 3.6
Innocent Traveler, B, U, 60548, 3.50, 11046, 4.62, 44181, 53.9, 7789, 54.8, 16206, 53.8, 23995, 54.1, 22565, 53.6, 0.5
Mindleech Ghoul, B, C, 286507, 6.05, 40341, 8.69, 99961, 53.9, 22890, 52.5, 41682, 53.7, 64572, 53.3, 45352, 54.4, -1.1
Parasitic Grasp, B, U, 43221, 2.44, 19187, 2.77, 90309, 56.8, 17864, 58.8, 33297, 60.0, 51161, 59.6, 43960, 54.0, 5.6
Path of Peril, WB, R, 12193, 2.21, 4312, 2.28, 15615, 53.2, 2646, 50.7, 5048, 57.0, 7694, 54.8, 8065, 51.7, 3.1
Persistent Specimen, B, C, 288173, 6.20, 35873, 9.04, 78353, 53.5, 15822, 53.6, 27943, 52.8, 43765, 53.1, 38248, 53.5, -0.4
Pointed Discussion, B, C, 289423, 6.20, 43688, 8.69, 120885, 55.9, 23493, 55.2, 40893, 56.9, 64386, 56.3, 61234, 55.7, 0.6
Ragged Recluse, B, C, 268708, 5.40, 50381, 7.35, 147516, 55.2, 36721, 55.5, 68983, 54.3, 105704, 54.7, 63991, 55.9, -1.1
Restless Bloodseeker, B, U, 52101, 2.97, 15582, 3.60, 67972, 55.2, 13765, 56.2, 26054, 56.0, 39819, 56.1, 33328, 54.5, 1.6
Rot-Tide Gargantua, B, C, 259412, 5.26, 38823, 7.47, 120539, 54.5, 23217, 53.8, 52631, 56.3, 75848, 55.6, 55572, 53.9, 1.7
Skulking Killer, B, U, 97499, 5.81, 9908, 9.06, 12916, 52.8, 2198, 52.0, 4386, 53.7, 6584, 53.1, 6782, 52.7, 0.5
Sorin the Mirthless, B, M, 3138, 1.13, 2749, 1.12, 14624, 57.5, 2512, 65.3, 4592, 62.5, 7104, 63.5, 7584, 51.9, 11.6
Toxrill the Corrosive, UB, M, 3259, 1.16, 2939, 1.15, 16764, 58.7, 2788, 64.4, 6368, 68.6, 9156, 67.3, 8126, 49.8, 17.5
Undead Butler, B, U, 71113, 3.85, 16386, 5.00, 68987, 55.1, 13675, 56.4, 24432, 55.4, 38107, 55.8, 33672, 54.3, 1.4
Undying Malice, B, C, 295341, 6.38, 38380, 9.36, 94409, 55.1, 16117, 54.2, 32766, 55.3, 48883, 54.9, 48151, 55.4, -0.4
Unhallowed Phalanx, B, C, 311135, 7.59, 33086, 11.23, 22504, 50.9, 4709, 49.4, 9555, 51.2, 14264, 50.6, 10462, 50.9, -0.4
Vampire's Kiss, B, C, 310377, 7.47, 32524, 11.27, 24726, 51.0, 4733, 48.2, 8389, 51.4, 13122, 50.2, 12436, 51.7, -1.5
Voldaren Bloodcaster, B, R, 8019, 1.48, 5605, 1.45, 29134, 57.5, 5472, 63.4, 10588, 60.7, 16060, 61.6, 14707, 53.7, 7.9
Wedding Security, B, U, 62472, 3.52, 12366, 4.46, 46684, 53.7, 8214, 52.4, 17749, 53.0, 25963, 52.8, 23739, 54.8, -2.0
Abrade, R, C, 131126, 2.67, 56313, 3.04, 218116, 56.8, 54371, 58.5, 88126, 58.0, 142497, 58.2, 99065, 55.0, 3.2
Alchemist's Gambit, UR, R, 27549, 4.60, 4059, 6.68, 4236, 51.7, 647, 50.5, 1368, 51.3, 2015, 51.1, 2269, 52.0, -1.0
Alluring Suitor, R, U, 50873, 2.96, 20833, 3.33, 97579, 57.8, 19708, 61.4, 32326, 57.9, 52034, 59.2, 50454, 56.6, 2.6
Ancestral Anger, R, C, 306358, 7.25, 52859, 9.64, 51814, 55.9, 19788, 54.6, 35591, 57.2, 55379, 56.3, 16207, 57.0, -0.8
Ballista Watcher, R, U, 48103, 2.88, 19607, 3.18, 90401, 56.2, 17047, 55.7, 30992, 56.3, 48039, 56.1, 47469, 56.0, 0.1
Belligerent Guest, R, C, 265271, 5.46, 41792, 7.75, 129892, 55.6, 30062, 55.4, 50087, 53.1, 80149, 54.0, 61912, 57.1, -3.1
Blood Hypnotist, R, U, 82206, 4.63, 14571, 6.26, 48190, 55.1, 9429, 56.1, 16235, 52.8, 25664, 54.0, 24737, 56.2, -2.2
Blood Petal Celebrant, R, C, 239910, 4.70, 49638, 6.31, 167970, 55.8, 42833, 56.7, 67544, 52.7, 110377, 54.2, 76781, 57.0, -2.8
Bloody Betrayal, R, C, 311984, 7.55, 36483, 11.15, 27441, 54.4, 4998, 52.3, 10046, 56.7, 15044, 55.2, 13893, 54.0, 1.2
Cemetery Gatekeeper, R, M, 4654, 1.69, 2414, 1.71, 11310, 55.6, 1945, 56.7, 3225, 54.5, 5170, 55.3, 6283, 55.8, -0.4
Chandra Dressed to Kill, R, M, 4277, 1.57, 2083, 1.57, 7568, 53.1, 1300, 52.3, 2128, 53.7, 3428, 53.2, 4165, 53.0, 0.1
Change of Fortune, R, R, 34491, 5.72, 4489, 8.66, 290, , 47, , 84, , 131, , 159, , 
Creepy Puppeteer, R, R, 10220, 1.88, 5832, 1.87, 29253, 56.3, 5051, 59.0, 8619, 56.1, 13670, 57.2, 16197, 55.8, 1.3
Curse of Hospitality, R, R, 16213, 2.88, 3527, 3.38, 12560, 51.4, 2190, 47.5, 3564, 49.0, 5754, 48.4, 6877, 53.9, -5.5
Daybreak Combatants, R, C, 306051, 7.09, 36851, 10.38, 49619, 53.2, 10558, 50.5, 16365, 50.5, 26923, 50.5, 25510, 55.5, -5.0
Dominating Vampire, R, R, 13880, 2.49, 4700, 2.69, 19607, 55.0, 3333, 53.0, 5912, 54.4, 9245, 53.9, 10733, 56.0, -2.1
End the Festivities, R, C, 322932, 8.52, 34221, 12.48, 4848, 49.8, 919, 50.5, 1550, 46.9, 2469, 48.2, 2540, 51.2, -3.0
Falkenrath Celebrants, R, C, 236459, 4.77, 59068, 5.95, 208864, 56.6, 46346, 56.6, 89062, 56.8, 135408, 56.7, 98005, 56.3, 0.5
Fearful Villager, R, C, 275057, 5.73, 44351, 8.04, 132039, 55.7, 30554, 54.9, 48971, 53.7, 79525, 54.2, 64271, 56.9, -2.7
Flame-Blessed Bolt, R, C, 173114, 3.40, 61099, 3.99, 226242, 57.0, 57041, 59.3, 93067, 57.6, 150108, 58.3, 101344, 55.3, 3.0
Frenzied Devils, R, U, 105362, 6.54, 12499, 9.73, 13004, 51.8, 2224, 50.0, 4250, 49.5, 6474, 49.7, 7002, 53.5, -3.8
Honeymoon Hearse, R, U, 101822, 6.28, 12155, 9.31, 14373, 53.4, 2431, 52.2, 4027, 49.3, 6458, 50.4, 8142, 55.6, -5.3
Hungry Ridgewolf, R, C, 274840, 5.81, 47591, 8.01, 114730, 55.3, 33415, 56.6, 47236, 52.4, 80651, 54.1, 50625, 56.4, -2.3
Ill-Tempered Loner, R, R, 8148, 1.48, 5900, 1.43, 31461, 57.3, 5444, 60.7, 9928, 58.8, 15372, 59.5, 17148, 55.3, 4.1
Into the Night, R, U, 113730, 7.73, 12270, 11.59, 2060, 53.0, 305, 42.6, 532, 50.0, 837, 47.3, 1235, 56.8, -9.4
Kessig Flamebreather, R, C, 283092, 6.34, 53978, 8.12, 113213, 55.8, 34559, 57.2, 57763, 54.3, 92322, 55.4, 44849, 56.2, -0.8
Kessig Wolfrider, R, R, 13492, 2.35, 5207, 2.51, 24323, 55.8, 4313, 57.6, 6846, 54.2, 11159, 55.5, 13475, 55.8, -0.3
Lacerate Flesh, R, C, 260074, 5.34, 39581, 7.65, 116707, 54.0, 21569, 51.1, 39869, 53.1, 61438, 52.4, 60322, 55.2, -2.8
Lambholt Raconteur, R, U, 69404, 4.04, 14421, 5.22, 50668, 53.8, 9641, 52.3, 17436, 52.0, 27077, 52.1, 26357, 55.1, -3.0
Lightning Wolf, R, C, 308300, 7.21, 35439, 10.66, 39319, 53.1, 7188, 50.9, 12484, 51.1, 19672, 51.0, 21309, 54.6, -3.6
Magma Pummeler, R, U, 77930, 4.39, 13055, 6.04, 43220, 53.7, 7564, 51.1, 14023, 53.2, 21587, 52.5, 23379, 54.7, -2.3
Manaform Hellkite, R, M, 3478, 1.26, 2865, 1.25, 14672, 57.3, 2431, 61.5, 4653, 60.0, 7084, 60.5, 8038, 54.4, 6.1
Markov Retribution, R, U, 87162, 4.92, 15850, 6.61, 47324, 56.7, 8627, 54.7, 15945, 55.9, 24572, 55.5, 24270, 57.7, -2.1
Olivia's Attendants, R, R, 8160, 1.51, 6004, 1.48, 31473, 56.5, 5170, 57.8, 10127, 59.2, 15297, 58.7, 17016, 54.4, 4.3
Pyre Spawn, R, C, 312391, 7.41, 36096, 10.89, 36277, 53.0, 5963, 51.6, 12355, 51.4, 18318, 51.5, 19488, 54.5, -3.0
Reckless Impulse, R, C, 283406, 6.07, 56452, 8.05, 168765, 55.9, 37928, 53.3, 60755, 55.5, 98683, 54.7, 81728, 57.2, -2.6
Rending Flame, R, U, 38826, 2.27, 19608, 2.50, 95920, 57.4, 18743, 58.0, 31581, 59.6, 50324, 59.0, 49335, 55.8, 3.2
Runebound Wolf, R, U, 80080, 4.47, 15398, 6.05, 54840, 55.2, 11649, 55.4, 16986, 52.9, 28635, 53.9, 28886, 56.2, -2.3
Sanguine Statuette, R, U, 97132, 5.79, 15602, 7.99, 37611, 55.8, 7820, 54.8, 13328, 54.6, 21148, 54.7, 18438, 57.3, -2.6
Stensia Uprising, R, R, 10456, 1.93, 6391, 1.89, 32507, 58.4, 5650, 61.7, 9757, 61.7, 15407, 61.7, 17421, 55.5, 6.2
Sure Strike, R, C, 298187, 6.53, 40625, 9.47, 97651, 54.7, 18108, 53.2, 30728, 53.8, 48836, 53.6, 51880, 55.7, -2.1
Vampires' Vengeance, R, U, 79016, 4.57, 16601, 5.84, 57123, 57.9, 11169, 58.9, 18880, 58.4, 30049, 58.6, 28935, 57.1, 1.4
Volatile Arsonist, R, M, 3561, 1.31, 2867, 1.30, 15567, 59.2, 2628, 62.7, 4775, 64.1, 7403, 63.6, 8480, 55.4, 8.2
Voldaren Epicure, R, C, 275409, 5.93, 53056, 7.83, 152073, 56.5, 38959, 58.2, 63704, 54.5, 102663, 55.9, 68426, 56.7, -0.8
Voltaic Visionary, R, U, 59868, 3.39, 21211, 3.94, 96658, 57.5, 20164, 62.6, 31497, 56.1, 51661, 58.6, 49655, 56.5, 2.1
Weary Prisoner, R, C, 301877, 7.05, 32009, 10.70, 31652, 52.1, 5988, 49.6, 10416, 49.6, 16404, 49.6, 16885, 53.9, -4.3
Apprentice Sharpshooter, G, C, 271044, 5.67, 36567, 8.19, 106020, 53.5, 24065, 53.5, 36915, 52.1, 60980, 52.7, 53410, 53.8, -1.1
Ascendant Packleader, G, R, 12001, 2.12, 4440, 2.24, 20296, 54.9, 3760, 58.9, 5472, 54.6, 9232, 56.3, 11420, 53.8, 2.5
Avabruck Caretaker, G, M, 3255, 1.19, 2765, 1.17, 15079, 57.6, 2605, 63.9, 4358, 66.9, 6963, 65.8, 8172, 50.6, 15.2
Bramble Armor, G, C, 324747, 8.61, 32076, 12.62, 9551, 51.7, 1562, 50.2, 2541, 47.0, 4103, 48.2, 5551, 54.0, -5.9
Bramble Wurm, G, U, 55237, 3.14, 16970, 3.71, 72298, 55.0, 12535, 55.4, 24751, 58.8, 37286, 57.7, 38532, 52.7, 5.0
Cartographer's Survey, G, U, 109787, 7.10, 11075, 11.03, 4339, 48.0, 728, 44.4, 1252, 44.1, 1980, 44.2, 2402, 51.0, -6.8
Cemetery Prowler, G, M, 4055, 1.47, 2521, 1.44, 11851, 55.5, 2070, 57.1, 3287, 55.9, 5357, 56.4, 6704, 54.6, 1.7
Cloaked Cadet, G, U, 74259, 4.30, 11725, 5.73, 36490, 52.0, 6436, 49.8, 11287, 51.1, 17723, 50.6, 20231, 53.1, -2.4
Crawling Infestation, G, U, 108892, 7.07, 12299, 10.45, 6998, 49.7, 1442, 50.1, 2267, 49.1, 3709, 49.5, 3609, 49.8, -0.3
Crushing Canopy, G, C, 321115, 8.46, 34130, 12.26, 19914, 51.4, 3032, 47.8, 5565, 50.6, 8597, 49.6, 11401, 52.7, -3.1
Cultivator Colossus, G, M, 5419, 1.94, 1895, 2.02, 6680, 53.1, 990, 51.6, 2015, 55.6, 3005, 54.3, 3777, 52.2, 2.1
Dawnhart Disciple, G, C, 290037, 6.35, 41503, 8.87, 91433, 53.3, 24086, 54.0, 34178, 51.0, 58264, 52.3, 43183, 54.3, -2.1
Dig Up, BG, R, 23509, 3.92, 4071, 5.18, 9677, 52.5, 1768, 52.5, 2702, 53.7, 4470, 53.2, 5270, 51.9, 1.3
Dormant Grove, G, U, 46469, 2.81, 15342, 3.20, 68929, 55.0, 12836, 57.1, 20494, 57.3, 33330, 57.3, 37330, 52.9, 4.4
Flourishing Hunter, G, C, 253683, 5.19, 46296, 7.02, 146291, 54.7, 30796, 54.6, 57843, 56.2, 88639, 55.7, 71665, 54.0, 1.7
Glorious Sunrise, G, R, 8977, 1.67, 5521, 1.60, 27778, 56.0, 4677, 59.4, 7817, 61.1, 12494, 60.5, 15535, 52.4, 8.1
Hamlet Vanguard, G, R, 13179, 2.40, 4127, 2.57, 16197, 52.6, 2775, 53.6, 4247, 54.2, 7022, 53.9, 9368, 51.8, 2.1
Hiveheart Shaman, G, R, 10527, 1.93, 5760, 1.91, 27375, 54.3, 4874, 57.3, 8234, 56.8, 13108, 56.9, 15028, 52.0, 5.0
Hookhand Mariner, G, C, 231456, 4.59, 43049, 6.18, 145534, 54.7, 34506, 55.2, 56508, 54.5, 91014, 54.8, 70130, 54.2, 0.6
Howling Moon, G, R, 15328, 2.83, 3448, 3.26, 11543, 53.9, 2016, 55.8, 2954, 53.0, 4970, 54.1, 6642, 53.7, 0.4
Howlpack Piper, G, R, 9650, 1.74, 5242, 1.71, 25112, 55.7, 4419, 59.4, 7064, 58.0, 11483, 58.5, 14220, 53.4, 5.2
Infestation Expert, G, U, 56496, 3.27, 14668, 3.98, 63767, 55.6, 11584, 57.3, 20547, 57.7, 32131, 57.5, 34320, 53.8, 3.7
Laid to Rest, G, U, 98450, 6.19, 11691, 9.11, 16172, 49.6, 2762, 42.5, 4561, 44.9, 7323, 44.0, 9246, 53.6, -9.6
Massive Might, G, C, 304400, 6.94, 43310, 9.75, 102391, 54.5, 20345, 53.1, 33141, 54.5, 53486, 54.0, 53649, 54.8, -0.9
Moldgraf Millipede, G, C, 309990, 7.51, 35283, 10.88, 35866, 51.3, 7608, 49.2, 14759, 52.2, 22367, 51.2, 17134, 51.5, -0.3
Mulch, G, C, 323036, 8.53, 36229, 12.08, 20529, 51.5, 4447, 49.9, 6755, 50.2, 11202, 50.1, 10363, 52.7, -2.6
Nature's Embrace, G, C, 314080, 7.80, 30025, 11.65, 19199, 49.7, 3660, 47.1, 5875, 48.0, 9535, 47.7, 10332, 51.2, -3.6
Oakshade Stalker, G, U, 70039, 3.96, 11967, 5.36, 48319, 54.2, 9446, 54.7, 14228, 52.4, 23674, 53.3, 26349, 54.6, -1.3
Packsong Pup, G, U, 56135, 3.17, 15650, 3.79, 62176, 55.8, 13583, 60.5, 20219, 55.2, 33802, 57.3, 32390, 54.5, 2.8
Reclusive Taxidermist, G, U, 53500, 2.97, 15980, 3.60, 71431, 55.1, 15267, 59.1, 21408, 53.0, 36675, 55.5, 37663, 54.6, 0.9
Retrieve, G, U, 104123, 6.32, 11758, 9.54, 15249, 50.5, 2396, 46.7, 4384, 50.0, 6780, 48.8, 8569, 51.8, -3.0
Rural Recruit, G, C, 296539, 6.67, 34598, 9.73, 55179, 53.1, 11457, 52.9, 18372, 53.0, 29829, 52.9, 28495, 53.2, -0.2
Sawblade Slinger, G, U, 84128, 4.74, 12331, 6.64, 37664, 53.2, 6664, 52.3, 10982, 53.1, 17646, 52.8, 20910, 53.5, -0.7
Sheltering Boughs, G, C, 319090, 8.16, 30980, 12.15, 12324, 50.8, 2307, 50.0, 3772, 50.1, 6079, 50.0, 6729, 51.3, -1.3
Snarling Wolf, G, C, 293515, 6.68, 34978, 9.71, 75886, 54.4, 17192, 56.7, 23694, 51.0, 40886, 53.4, 39302, 55.0, -1.5
Spiked Ripsaw, G, U, 97872, 5.74, 14396, 8.14, 36940, 53.4, 6097, 50.7, 10090, 53.6, 16187, 52.5, 21097, 54.0, -1.5
Splendid Reclamation, G, R, 34179, 5.58, 4323, 8.47, 195, , 24, , 69, , 93, , 105, , 
Spore Crawler, G, C, 249177, 5.03, 43337, 6.85, 137571, 54.6, 35145, 55.3, 52656, 54.2, 87801, 54.7, 65445, 54.4, 0.3
Sporeback Wolf, G, C, 279717, 5.92, 42044, 8.27, 123854, 54.5, 31158, 55.1, 45032, 51.9, 76190, 53.2, 59499, 55.4, -2.2
Toxic Scorpion, G, C, 283652, 6.09, 35994, 8.76, 91820, 53.2, 20960, 52.0, 32334, 51.2, 53294, 51.5, 45632, 54.2, -2.7
Ulvenwald Oddity, G, R, 8118, 1.48, 5357, 1.44, 26238, 55.4, 4430, 58.3, 7632, 59.0, 12062, 58.7, 14769, 52.8, 5.9
Weaver of Blossoms, G, C, 208724, 4.09, 43185, 5.37, 150690, 54.5, 38932, 56.7, 57930, 53.7, 96862, 54.9, 70526, 53.6, 1.3
Witch's Web, G, C, 306542, 7.15, 35542, 10.45, 67948, 53.9, 12067, 53.2, 20233, 54.5, 32300, 54.1, 37447, 53.7, 0.4
Wolf Strike, G, C, 196239, 3.91, 48028, 4.95, 160794, 54.7, 39696, 53.5, 63493, 56.9, 103189, 55.6, 75010, 54.0, 1.6
Wolfkin Outcast, G, U, 59137, 3.47, 13741, 4.27, 55444, 54.4, 10211, 54.0, 17272, 53.8, 27483, 53.9, 30378, 54.3, -0.4
Ancient Lumberknot, BG, U, 84862, 5.09, 13731, 6.87, 28478, 53.0, 6321, 54.4, 12293, 56.0, 18614, 55.5, 13126, 49.7, 5.7
Anje Maid of Dishonor, BR, R, 8488, 1.57, 6023, 1.52, 30683, 58.5, 5358, 63.7, 11066, 64.0, 16424, 63.9, 15689, 53.5, 10.4
Bloodtithe Harvester, BR, U, 62264, 3.61, 18838, 4.12, 67555, 58.4, 15259, 66.2, 30825, 60.7, 46084, 62.5, 31262, 54.4, 8.1
Brine Comber, WU, U, 76264, 4.65, 18241, 5.49, 51804, 57.3, 12202, 61.1, 19889, 60.5, 32091, 60.7, 24126, 54.0, 6.7
Child of the Pack, RG, U, 54958, 3.36, 15304, 3.94, 56382, 55.0, 11327, 55.7, 18504, 56.0, 29831, 55.9, 29835, 53.8, 2.0
Dorothea Vengeful Victim, WU, R, 14030, 2.62, 4782, 2.69, 17899, 55.1, 3254, 55.6, 5416, 57.4, 8670, 56.7, 9583, 53.5, 3.2
Edgar Charmed Groom, WB, R, 7988, 1.47, 5687, 1.41, 27272, 56.4, 4730, 63.0, 9272, 60.7, 14002, 61.5, 14066, 51.2, 10.3
Eruth Tormented Prophet, UR, R, 18058, 3.24, 5820, 3.58, 17810, 54.7, 3167, 57.1, 5887, 55.2, 9054, 55.9, 9239, 53.7, 2.2
Grolnok the Omnivore, UG, R, 20587, 3.61, 4557, 4.39, 9990, 51.6, 1787, 52.4, 3212, 53.4, 4999, 53.1, 5297, 50.3, 2.8
Halana and Alena Partners, RG, R, 8176, 1.49, 6162, 1.44, 32858, 58.3, 5722, 69.4, 9551, 65.3, 15273, 66.9, 18129, 51.3, 15.5
Kaya Geist Hunter, WB, M, 5303, 1.97, 1446, 2.08, 2695, 48.1, 447, 47.9, 808, 45.0, 1255, 46.1, 1451, 49.8, -3.8
Markov Purifier, WB, U, 66997, 3.90, 14553, 4.82, 45334, 55.5, 9875, 58.3, 20621, 59.5, 30496, 59.1, 21456, 52.8, 6.3
Markov Waltzer, WR, U, 78063, 4.48, 14451, 5.90, 35602, 55.0, 7800, 57.3, 12313, 56.6, 20113, 56.9, 17901, 53.3, 3.6
Odric Blood-Cursed, WR, R, 22100, 3.77, 3353, 5.33, 6195, 54.0, 1056, 54.7, 1655, 51.7, 2711, 52.9, 3551, 54.7, -1.8
Old Rutstein, BG, R, 16729, 3.09, 4798, 3.38, 14228, 54.0, 2582, 60.4, 4314, 56.6, 6896, 58.0, 7636, 50.4, 7.7
Olivia Crimson Bride, BR, M, 3388, 1.27, 2697, 1.25, 13677, 55.1, 2219, 53.9, 4661, 59.7, 6880, 57.8, 7121, 52.7, 5.2
Runo Stromkirk, UB, R, 15339, 2.79, 4202, 3.07, 11756, 51.5, 2059, 49.0, 4352, 54.8, 6411, 52.9, 5800, 49.9, 3.0
Sigardian Paladin, WG, U, 77194, 4.55, 11748, 6.20, 30878, 53.3, 6425, 55.0, 10085, 54.4, 16510, 54.6, 16290, 52.1, 2.6
Skull Skaab, UB, U, 76268, 4.50, 16208, 5.56, 46814, 54.8, 10867, 57.5, 22769, 57.4, 33636, 57.5, 19274, 51.6, 5.8
Torens Fist of the Angels, WG, R, 10993, 2.09, 4842, 1.98, 20249, 53.6, 3741, 58.0, 5426, 56.5, 9167, 57.1, 11432, 51.0, 6.1
Vilespawn Spider, UG, U, 97564, 5.96, 16032, 7.97, 25357, 53.8, 6410, 59.0, 10791, 56.1, 17201, 57.2, 11283, 50.2, 7.0
Wandering Mind, UR, U, 91689, 5.50, 19589, 6.83, 43053, 57.1, 10257, 59.6, 18338, 59.7, 28595, 59.6, 19151, 54.4, 5.2
Blood Servitor, , C, 324136, 8.04, 39690, 11.52, 22984, 52.1, 4528, 50.7, 7984, 50.1, 12512, 50.3, 11626, 53.8, -3.5
Boarded Window, , U, 108538, 6.63, 13174, 9.53, 12573, 48.5, 2609, 40.9, 4491, 45.2, 7100, 43.6, 6204, 53.1, -9.4
Ceremonial Knife, , C, 308776, 6.79, 48389, 9.50, 120987, 53.0, 21306, 48.9, 35065, 50.4, 56371, 49.8, 65652, 55.5, -5.7
Dollhouse of Horrors, , R, 9332, 1.71, 6586, 1.67, 35699, 55.6, 5782, 54.0, 10833, 58.4, 16615, 56.9, 19226, 54.5, 2.4
Foreboding Statue, , U, 53926, 3.01, 15179, 3.72, 68531, 54.4, 13541, 55.7, 21373, 53.7, 34914, 54.5, 35871, 54.2, 0.2
Honored Heirloom, , C, 311233, 7.11, 36418, 10.44, 43096, 51.0, 7930, 48.0, 13020, 50.4, 20950, 49.5, 22824, 52.3, -2.7
Investigator's Journal, , R, 16666, 2.86, 4228, 3.26, 17196, 52.9, 2944, 51.2, 5021, 52.8, 7965, 52.2, 9319, 53.6, -1.4
Lantern of the Lost, , U, 116685, 7.58, 13101, 11.21, 2391, 52.4, 413, 51.6, 696, 51.3, 1109, 51.4, 1289, 53.4, -2.0
Wedding Invitation, , C, 314997, 7.27, 47742, 10.14, 81425, 57.0, 17358, 55.7, 28204, 58.2, 45562, 57.2, 40304, 56.8, 0.4
Deathcap Glade, BG, R, 21642, 3.40, 3660, 4.72, 7390, 52.9, 1372, 54.1, 2096, 53.0, 3468, 53.4, 3975, 52.3, 1.2
Dreamroot Cascade, UG, R, 23144, 3.69, 3807, 5.19, 6068, 52.0, 1145, 53.9, 1783, 51.6, 2928, 52.5, 3173, 51.4, 1.1
Evolving Wilds, , C, 252205, 4.60, 52343, 6.50, 239587, 55.3, 52393, 57.2, 77845, 53.1, 130238, 54.7, 120417, 55.8, -1.1
Shattered Sanctum, WB, R, 21246, 3.29, 3775, 4.50, 9497, 53.5, 1854, 54.5, 2755, 53.1, 4609, 53.6, 4949, 53.4, 0.3
Stormcarved Coast, UR, R, 23952, 3.68, 4302, 5.15, 8887, 54.9, 1676, 55.4, 2525, 53.9, 4201, 54.5, 4746, 55.2, -0.7
Sundown Pass, WR, R, 22785, 3.51, 3849, 4.87, 8653, 54.5, 1636, 58.2, 2283, 52.5, 3919, 54.9, 4785, 54.1, 0.7
Voldaren Estate, , R, 24765, 3.93, 4473, 5.38, 14427, 55.6, 2628, 53.5, 4077, 54.1, 6705, 53.9, 7775, 57.1, -3.2
